Keyword,Category,Priority,Status
esoteric ebb riddle,Quest,High,Rising
esoteric ebb sphinx,Quest,High,Rising
deck of many things esoteric ebb,Quest,High,Rising
esoteric ebb build,Character,High,Rising
esoteric ebb stats,Character,Medium,Rising
esoteric ebb spells,Character,Medium,Rising
esoteric ebb mage hand,Character,High,Top
esoteric ebb sleep,Mechanics,High,Rising
esoteric ebb where to sleep,Mechanics,Medium,Top
how long is esoteric ebb,Info,Medium,Top
esoteric ebb walkthrough,Guide,High,Rising
esoteric ebb map,Guide,Medium,Rising
esoteric ebb ps5,Platform,Low,Rising
esoteric ebb switch,Platform,Low,Rising
esoteric ebb xbox,Platform,Low,Top
esoteric ebb price,Info,Medium,Rising
esoteric ebb steam,Platform,Medium,Top
reddit esoteric ebb,Community,Medium,Top
esoteric ebb review,Info,Medium,Top
esoteric ebb disco elysium,Comparison,Medium,Top
